{"_type":"export","__export_format":4,"__export_date":"2020-04-03T14:27:41.466Z","__export_source":"insomnia.desktop.app:v7.1.1","resources":[{"_id":"req_feb584c6127b4a039fa5f5f4ce030db2","authentication":{},"body":{"mimeType":"application/json","text":""},"created":1585313463568,"description":"Выход для пользователя","headers":[{"id":"pair_2c452c126dd24d71b41c822f082de1e5","name":"Content-Type","value":"application/json"},{"description":"","id":"pair_2bf615d1a58240208e986532417903ea","name":"Accept","value":"application/json"}],"isPrivate":false,"metaSortKey":-1585313463568,"method":"POST","modified":1585922995881,"name":"User Logout","parameters":[],"parentId":"wrk_dce7851c651a47cf88cb72f575d8754c","settingDisableRenderRequestBody":false,"settingEncodeUrl":true,"settingFollowRedirects":"global","settingRebuildPath":true,"settingSendCookies":true,"settingStoreCookies":true,"url":"http://127.0.0.1:8000/api/auth/logout","_type":"request"},{"_id":"wrk_dce7851c651a47cf88cb72f575d8754c","created":1584950550597,"description":"","modified":1585924021976,"name":"MonefyAPI - service for expenses tracking","parentId":null,"_type":"workspace"},{"_id":"req_96a0e33c77ea4e9aaf62ca224263d516","authentication":{},"body":{"mimeType":"application/json","text":"{\n  \"phone_number\": \"996555266695\",\n  \"password\": \"12345678\"\n}"},"created":1585233321690,"description":"Авторизация пользователя по номеру телефона и паролю","headers":[{"id":"pair_51ad10252322469bb670676590eb9a9f","name":"Content-Type","value":"application/json"},{"description":"","id":"pair_868c3c2d0c384d6d88881ad1b4e58c8b","name":"Accept","value":"application/json"}],"isPrivate":false,"metaSortKey":-1585233321690,"method":"POST","modified":1585923038011,"name":"User Login","parameters":[],"parentId":"wrk_dce7851c651a47cf88cb72f575d8754c","settingDisableRenderRequestBody":false,"settingEncodeUrl":true,"settingFollowRedirects":"global","settingRebuildPath":true,"settingSendCookies":true,"settingStoreCookies":true,"url":"http://127.0.0.1:8000/api/auth/login","_type":"request"},{"_id":"req_4222c00661ca459c9a7402998f352fb2","authentication":{},"body":{"mimeType":"application/json","text":"{\n  \"phone_number\": \"996555266695\",\n  \"name\": \"\",\n  \"password\": \"12345678\",\n\t\"password_confirmation\":\"12345678\",\n\t\"email\":\"\"\n}"},"created":1585134978681,"description":"Регистрация пользователя","headers":[{"id":"pair_12541374e8d041eb8139cfe19f74c7d2","name":"Content-Type","value":"application/json"},{"description":"","id":"pair_f487b7dd83c8463e89de090e2b3f869d","name":"Accept","value":"application/json"}],"isPrivate":false,"metaSortKey":-1585134978681,"method":"POST","modified":1585923063911,"name":"User Register","parameters":[],"parentId":"wrk_dce7851c651a47cf88cb72f575d8754c","settingDisableRenderRequestBody":false,"settingEncodeUrl":true,"settingFollowRedirects":"global","settingRebuildPath":true,"settingSendCookies":true,"settingStoreCookies":true,"url":"http://127.0.0.1:8000/api/auth/register","_type":"request"},{"_id":"req_7874643084d246008f83ee76d086126d","authentication":{"token":"0YZvHPRbyVmgJUNXqQeqg39DyF8vysy9b28h2Jv1QeBrsVBM6IGKlGHW6Idv","type":"bearer"},"body":{"mimeType":"application/json","text":"{\n\t\"comment\": \"arenda\"\n}"},"created":1585109302353,"description":"Редактирование денежной операции. Если пользователь пытается изменить чужую операцию, ошибка 404","headers":[{"description":"","id":"pair_7b18807df4f047b69a12733b8bf200d3","name":"Accept","value":"application/json"},{"description":"","id":"pair_92bd39f1f80e431887880c04630f23f0","name":"Content-Type","value":"application/json"}],"isPrivate":false,"metaSortKey":-1585109302353,"method":"PUT","modified":1585923168927,"name":"payment update","parameters":[],"parentId":"wrk_dce7851c651a47cf88cb72f575d8754c","settingDisableRenderRequestBody":false,"settingEncodeUrl":true,"settingFollowRedirects":"global","settingRebuildPath":true,"settingSendCookies":true,"settingStoreCookies":true,"url":"http://127.0.0.1:8000/api/payments/payment/5","_type":"request"},{"_id":"req_defccb9fa51f40e7ac0648d89b8efd75","authentication":{"token":"0YZvHPRbyVmgJUNXqQeqg39DyF8vysy9b28h2Jv1QeBrsVBM6IGKlGHW6Idv","type":"bearer"},"body":{},"created":1585108136216,"description":"Удаление денежной операции. Если пользователь пытается удалить чужую операцию, ошибка 404","headers":[{"description":"","id":"pair_1b7e2f66d7c3451f9026904e9a64269a","name":"Accept","value":"application/json"},{"description":"","id":"pair_d91f75a3934b40f8b97ab2af890aeced","name":"Content-Type","value":"application/json"}],"isPrivate":false,"metaSortKey":-1585108136216,"method":"DELETE","modified":1585923931969,"name":"payment delete","parameters":[],"parentId":"wrk_dce7851c651a47cf88cb72f575d8754c","settingDisableRenderRequestBody":false,"settingEncodeUrl":true,"settingFollowRedirects":"global","settingRebuildPath":true,"settingSendCookies":true,"settingStoreCookies":true,"url":"http://127.0.0.1:8000/api/payments/payment/11","_type":"request"},{"_id":"req_1d0c36e6c81c46a88eafa5474b0fcdf2","authentication":{"token":"0YZvHPRbyVmgJUNXqQeqg39DyF8vysy9b28h2Jv1QeBrsVBM6IGKlGHW6Idv","type":"bearer"},"body":{"mimeType":"application/json","text":"{\n\t\"category_id\":2,\n\t\"user_id\":1,\n\t\"date\":\"2020-03-28\",\n\t\"amount\":7000,\n\t\"comment\":\"dom\"\n}"},"created":1585064176335,"description":"Создание денежной операции. В ответ должна прийти созданная операция вместе с категорией и текущим балансом авторизованного пользователя","headers":[{"id":"pair_f1f12db6d1d04a8486bcbc8daccdcf1e","name":"Content-Type","value":"application/json"},{"description":"","id":"pair_3626f528b1d54fe0bbaeb638e71f8ac0","name":"Accept","value":"application/json"}],"isPrivate":false,"metaSortKey":-1585064176335,"method":"POST","modified":1585923313509,"name":"payment create","parameters":[],"parentId":"wrk_dce7851c651a47cf88cb72f575d8754c","settingDisableRenderRequestBody":false,"settingEncodeUrl":true,"settingFollowRedirects":"global","settingRebuildPath":true,"settingSendCookies":true,"settingStoreCookies":true,"url":"http://127.0.0.1:8000/api/payments/payment","_type":"request"},{"_id":"req_4c359a3105814e01b7109f0d51aeb15c","authentication":{"token":"0YZvHPRbyVmgJUNXqQeqg39DyF8vysy9b28h2Jv1QeBrsVBM6IGKlGHW6Idv","type":"bearer"},"body":{"mimeType":"application/json","text":"{\n  \"categories\": [3, 1],\n\t\"date_from\": \"2020-03-20\",\n\t\"date_to\": \"2020-03-25\"\n}"},"created":1584951605997,"description":"Возвращает список со всеми  денежными операциями авторизованного пользователя в пагинации. Отсортированны по дате по убыванию. \n\nПринимает фильтры (каждый из которых не обязателен, но если есть то применится)\n\ndate_from - дата, начиная с которой будут искаться операции (включительно)\ndate_to - дата, заканчивая которой будут искаться операции (включительно)\ncategories - категории фин. операций","headers":[{"id":"pair_fbebdb0aa4ef4b09b8f2149c51b356d9","name":"Content-Type","value":"application/json"},{"description":"","id":"pair_ee3d27e909c842e8977631115d75ec10","name":"Accept","value":"application/json"}],"isPrivate":false,"metaSortKey":-1584951605997,"method":"GET","modified":1585923718691,"name":"payments page 1","parameters":[],"parentId":"wrk_dce7851c651a47cf88cb72f575d8754c","settingDisableRenderRequestBody":false,"settingEncodeUrl":true,"settingFollowRedirects":"global","settingRebuildPath":true,"settingSendCookies":true,"settingStoreCookies":true,"url":"http://127.0.0.1:8000/api/payments?page=2","_type":"request"},{"_id":"req_1f686cecc69e483eaaaf1acda62923cb","authentication":{"token":"0YZvHPRbyVmgJUNXqQeqg39DyF8vysy9b28h2Jv1QeBrsVBM6IGKlGHW6Idv","type":"bearer"},"body":{"mimeType":"application/json","text":""},"created":1584951585541,"description":"Возвращает список всех операций пользователя.\n\nОтсортированны по дате по убыванию.\n\nПринимает фильтры (каждый из которых не обязателен, но если есть то применится)\n\ndate_from - дата, начиная с которой будут искаться операции (включительно) \ndate_to - дата, заканчивая которой будут искаться операции (включительно) \ncategories - категории фин. операций","headers":[{"id":"pair_7805f7849d344cdd8b91e59b36f96680","name":"Content-Type","value":"application/json"},{"description":"","id":"pair_d3bd5992c46840129522e877eaf64090","name":"Accept","value":"application/json"}],"isPrivate":false,"metaSortKey":-1584951585541,"method":"GET","modified":1585923849515,"name":"payments","parameters":[],"parentId":"wrk_dce7851c651a47cf88cb72f575d8754c","settingDisableRenderRequestBody":false,"settingEncodeUrl":true,"settingFollowRedirects":"global","settingRebuildPath":true,"settingSendCookies":true,"settingStoreCookies":true,"url":"http://127.0.0.1:8000/api/payments","_type":"request"},{"_id":"req_3e5dc9acb2204aefa940b45ff4e5ffa6","authentication":{"token":"0YZvHPRbyVmgJUNXqQeqg39DyF8vysy9b28h2Jv1QeBrsVBM6IGKlGHW6Idv","type":"bearer"},"body":{"mimeType":"application/json","text":""},"created":1584950574821,"description":"Возвращает список всех категорий денежных операций","headers":[{"id":"pair_b1aa74b7051649e7bc4df188aac8609b","name":"Content-Type","value":"application/json"},{"description":"","id":"pair_11ef0af0dc964ba98f2eb6b3efdfd9d3","name":"Accept","value":"application/json"}],"isPrivate":false,"metaSortKey":-1584950574822,"method":"GET","modified":1585923870790,"name":"categories","parameters":[],"parentId":"wrk_dce7851c651a47cf88cb72f575d8754c","settingDisableRenderRequestBody":false,"settingEncodeUrl":true,"settingFollowRedirects":"global","settingRebuildPath":true,"settingSendCookies":true,"settingStoreCookies":true,"url":"http://127.0.0.1:8000/api/categories/list","_type":"request"},{"_id":"env_bc5f5f5dad3541d09edcdd48bc20ee3566e6ecc1","color":null,"created":1584950550701,"data":{"base":"payments"},"dataPropertyOrder":{"&":["base"]},"isPrivate":false,"metaSortKey":1584950550701,"modified":1585063922519,"name":"Base Environment","parentId":"wrk_dce7851c651a47cf88cb72f575d8754c","_type":"environment"},{"_id":"jar_bc5f5f5dad3541d09edcdd48bc20ee3566e6ecc1","cookies":[],"created":1584950550706,"modified":1584950550706,"name":"Default Jar","parentId":"wrk_dce7851c651a47cf88cb72f575d8754c","_type":"cookie_jar"}]}