{"_type":"export","__export_format":4,"__export_date":"2020-03-25T10:53:10.855Z","__export_source":"insomnia.desktop.app:v7.1.1","resources":[{"_id":"req_7874643084d246008f83ee76d086126d","authentication":{},"body":{"mimeType":"application/json","text":"{\n\t\"amount\": 5500,\n\t\"comment\": \"new3\"\n}"},"created":1585109302353,"description":"","headers":[{"description":"","id":"pair_7b18807df4f047b69a12733b8bf200d3","name":"Accept","value":"application/json"},{"description":"","id":"pair_92bd39f1f80e431887880c04630f23f0","name":"Content-Type","value":"application/json"}],"isPrivate":false,"metaSortKey":-1585109302353,"method":"PUT","modified":1585133462505,"name":"payment update","parameters":[],"parentId":"wrk_dce7851c651a47cf88cb72f575d8754c","settingDisableRenderRequestBody":false,"settingEncodeUrl":true,"settingFollowRedirects":"global","settingRebuildPath":true,"settingSendCookies":true,"settingStoreCookies":true,"url":"http://127.0.0.1:8000/api/payments/payment/57","_type":"request"},{"_id":"wrk_dce7851c651a47cf88cb72f575d8754c","created":1584950550597,"description":"","modified":1584950550597,"name":"Insomnia","parentId":null,"_type":"workspace"},{"_id":"req_defccb9fa51f40e7ac0648d89b8efd75","authentication":{},"body":{},"created":1585108136216,"description":"","headers":[{"description":"","id":"pair_1b7e2f66d7c3451f9026904e9a64269a","name":"Accept","value":"application/json"},{"description":"","id":"pair_d91f75a3934b40f8b97ab2af890aeced","name":"Content-Type","value":"application/json"}],"isPrivate":false,"metaSortKey":-1585108136216,"method":"DELETE","modified":1585133451162,"name":"payment delete","parameters":[],"parentId":"wrk_dce7851c651a47cf88cb72f575d8754c","settingDisableRenderRequestBody":false,"settingEncodeUrl":true,"settingFollowRedirects":"global","settingRebuildPath":true,"settingSendCookies":true,"settingStoreCookies":true,"url":"http://127.0.0.1:8000/api/payments/payment/73","_type":"request"},{"_id":"req_1d0c36e6c81c46a88eafa5474b0fcdf2","authentication":{},"body":{"mimeType":"application/json","text":"{\n\t\"category_id\":2,\n\t\"user_id\":1,\n\t\"date\":\"2020-03-22\",\n\t\"amount\":6000,\n\t\"comment\":\"\"\n}"},"created":1585064176335,"description":"","headers":[{"id":"pair_f1f12db6d1d04a8486bcbc8daccdcf1e","name":"Content-Type","value":"application/json"},{"description":"","id":"pair_3626f528b1d54fe0bbaeb638e71f8ac0","name":"Accept","value":"application/json"}],"isPrivate":false,"metaSortKey":-1585064176335,"method":"POST","modified":1585109869364,"name":"payment create","parameters":[],"parentId":"wrk_dce7851c651a47cf88cb72f575d8754c","settingDisableRenderRequestBody":false,"settingEncodeUrl":true,"settingFollowRedirects":"global","settingRebuildPath":true,"settingSendCookies":true,"settingStoreCookies":true,"url":"http://127.0.0.1:8000/api/payments/payment","_type":"request"},{"_id":"req_4c359a3105814e01b7109f0d51aeb15c","authentication":{},"body":{"mimeType":"application/json","text":""},"created":1584951605997,"description":"","headers":[{"id":"pair_fbebdb0aa4ef4b09b8f2149c51b356d9","name":"Content-Type","value":"application/json"}],"isPrivate":false,"metaSortKey":-1584951605997,"method":"GET","modified":1585065405198,"name":"payments page 1","parameters":[],"parentId":"wrk_dce7851c651a47cf88cb72f575d8754c","settingDisableRenderRequestBody":false,"settingEncodeUrl":true,"settingFollowRedirects":"global","settingRebuildPath":true,"settingSendCookies":true,"settingStoreCookies":true,"url":"http://127.0.0.1:8000/api/payments?page=3","_type":"request"},{"_id":"req_1f686cecc69e483eaaaf1acda62923cb","authentication":{},"body":{"mimeType":"application/json","text":""},"created":1584951585541,"description":"","headers":[{"id":"pair_7805f7849d344cdd8b91e59b36f96680","name":"Content-Type","value":"application/json"}],"isPrivate":false,"metaSortKey":-1584951585541,"method":"GET","modified":1585108301907,"name":"payments","parameters":[],"parentId":"wrk_dce7851c651a47cf88cb72f575d8754c","settingDisableRenderRequestBody":false,"settingEncodeUrl":true,"settingFollowRedirects":"global","settingRebuildPath":true,"settingSendCookies":true,"settingStoreCookies":true,"url":"http://127.0.0.1:8000/api/payments","_type":"request"},{"_id":"req_3e5dc9acb2204aefa940b45ff4e5ffa6","authentication":{},"body":{"mimeType":"application/json","text":""},"created":1584950574821,"description":"","headers":[{"id":"pair_b1aa74b7051649e7bc4df188aac8609b","name":"Content-Type","value":"application/json"}],"isPrivate":false,"metaSortKey":-1584950574822,"method":"GET","modified":1585065446167,"name":"categories","parameters":[],"parentId":"wrk_dce7851c651a47cf88cb72f575d8754c","settingDisableRenderRequestBody":false,"settingEncodeUrl":true,"settingFollowRedirects":"global","settingRebuildPath":true,"settingSendCookies":true,"settingStoreCookies":true,"url":"http://127.0.0.1:8000/api/categories/list","_type":"request"},{"_id":"env_bc5f5f5dad3541d09edcdd48bc20ee3566e6ecc1","color":null,"created":1584950550701,"data":{"base":"payments"},"dataPropertyOrder":{"&":["base"]},"isPrivate":false,"metaSortKey":1584950550701,"modified":1585063922519,"name":"Base Environment","parentId":"wrk_dce7851c651a47cf88cb72f575d8754c","_type":"environment"},{"_id":"jar_bc5f5f5dad3541d09edcdd48bc20ee3566e6ecc1","cookies":[],"created":1584950550706,"modified":1584950550706,"name":"Default Jar","parentId":"wrk_dce7851c651a47cf88cb72f575d8754c","_type":"cookie_jar"}]}