{"_type":"export","__export_format":4,"__export_date":"2020-04-07T17:00:16.761Z","__export_source":"insomnia.desktop.app:v7.1.1","resources":[{"_id":"req_4222c00661ca459c9a7402998f352fb2","authentication":{},"body":{"mimeType":"application/json","text":"{\n  \"phone_number\": \"996555266695\",\n  \"name\": \"\",\n  \"password\": \"12345678\",\n\t\"password_confirmation\":\"12345678\",\n\t\"email\":\"kat@mail.ru\"\n}"},"created":1585134978681,"description":"Регистрация пользователя.\n\nОбязательные поля: номер телефона, пароль и подтверждение пароля. Имя и mail могут быть пустыми.","headers":[{"id":"pair_12541374e8d041eb8139cfe19f74c7d2","name":"Content-Type","value":"application/json"},{"description":"","id":"pair_f487b7dd83c8463e89de090e2b3f869d","name":"Accept","value":"application/json"}],"isPrivate":false,"metaSortKey":-1585686134560.5,"method":"POST","modified":1586278593579,"name":"User Register","parameters":[],"parentId":"fld_1de62581eb9a4768ada66dfa9ab27ce5","settingDisableRenderRequestBody":false,"settingEncodeUrl":true,"settingFollowRedirects":"global","settingRebuildPath":true,"settingSendCookies":true,"settingStoreCookies":true,"url":"http://127.0.0.1:8000/api/auth/register","_type":"request"},{"_id":"fld_1de62581eb9a4768ada66dfa9ab27ce5","created":1586237290340,"description":"","environment":{},"environmentPropertyOrder":null,"metaSortKey":-1586273148269,"modified":1586273157950,"name":"User","parentId":"wrk_dce7851c651a47cf88cb72f575d8754c","_type":"request_group"},{"_id":"wrk_dce7851c651a47cf88cb72f575d8754c","created":1584950550597,"description":"","modified":1585924021976,"name":"MonefyAPI - service for expenses tracking","parentId":null,"_type":"workspace"},{"_id":"req_96a0e33c77ea4e9aaf62ca224263d516","authentication":{},"body":{"mimeType":"application/json","text":"{\n  \"phone_number\": \"996555266695\",\n  \"password\": \"12345678\"\n}"},"created":1585233321690,"description":"Авторизация пользователя по номеру телефона и паролю","headers":[{"id":"pair_51ad10252322469bb670676590eb9a9f","name":"Content-Type","value":"application/json"},{"description":"","id":"pair_868c3c2d0c384d6d88881ad1b4e58c8b","name":"Accept","value":"application/json"}],"isPrivate":false,"metaSortKey":-1585686134510.5,"method":"POST","modified":1586278600684,"name":"User Login","parameters":[],"parentId":"fld_1de62581eb9a4768ada66dfa9ab27ce5","settingDisableRenderRequestBody":false,"settingEncodeUrl":true,"settingFollowRedirects":"global","settingRebuildPath":true,"settingSendCookies":true,"settingStoreCookies":true,"url":"http://127.0.0.1:8000/api/auth/login","_type":"request"},{"_id":"req_1d0c36e6c81c46a88eafa5474b0fcdf2","authentication":{"token":"8y0u4AbPXSrYY2sMiMsPz5rcHBG9ELs2PibZW6d3CYWo0HKwiXauODKzulf2","type":"bearer"},"body":{"mimeType":"application/json","text":"{\n\t\"category_id\":1,\n\t\"user_id\":2,\n\t\"date\":\"2020-04-04\",\n\t\"amount\":17000,\n\t\"comment\":\"зп\"\n}"},"created":1585064176335,"description":"Создание денежной операции. \n\nВ ответ должна прийти созданная операция вместе с категорией и текущим балансом авторизованного пользователя.\n\nКомментарий не обязателен.\n\nФормат даты Y-m-d (например: 2020-04-06)","headers":[{"id":"pair_f1f12db6d1d04a8486bcbc8daccdcf1e","name":"Content-Type","value":"application/json"},{"description":"","id":"pair_3626f528b1d54fe0bbaeb638e71f8ac0","name":"Accept","value":"application/json"}],"isPrivate":false,"metaSortKey":-1585109302453,"method":"POST","modified":1586278631244,"name":"payment create","parameters":[],"parentId":"fld_d2fb4e0c2a5d4a069183df086a2ad3cd","settingDisableRenderRequestBody":false,"settingEncodeUrl":true,"settingFollowRedirects":"global","settingRebuildPath":true,"settingSendCookies":true,"settingStoreCookies":true,"url":"http://127.0.0.1:8000/api/payments/payment","_type":"request"},{"_id":"fld_d2fb4e0c2a5d4a069183df086a2ad3cd","created":1586237350355,"description":"","environment":{},"environmentPropertyOrder":null,"metaSortKey":-1586237350355,"modified":1586237350355,"name":"Payments","parentId":"wrk_dce7851c651a47cf88cb72f575d8754c","_type":"request_group"},{"_id":"req_7874643084d246008f83ee76d086126d","authentication":{"token":"OPNC56dMztYtD6BkjgefDkpvxStJNAKLtOIiUULgODzdTqukb66Cunj6PppR","type":"bearer"},"body":{"mimeType":"application/json","text":"{\n\t\"amount\": \"4000\"\n}"},"created":1585109302353,"description":"Редактирование денежной операции. Если пользователь пытается изменить чужую операцию, ошибка 403","headers":[{"description":"","id":"pair_7b18807df4f047b69a12733b8bf200d3","name":"Accept","value":"application/json"},{"description":"","id":"pair_92bd39f1f80e431887880c04630f23f0","name":"Content-Type","value":"application/json"}],"isPrivate":false,"metaSortKey":-1585109302428,"method":"PUT","modified":1586278717182,"name":"payment update","parameters":[],"parentId":"fld_d2fb4e0c2a5d4a069183df086a2ad3cd","settingDisableRenderRequestBody":false,"settingEncodeUrl":true,"settingFollowRedirects":"global","settingRebuildPath":true,"settingSendCookies":true,"settingStoreCookies":true,"url":"http://127.0.0.1:8000/api/payments/payment/6","_type":"request"},{"_id":"req_defccb9fa51f40e7ac0648d89b8efd75","authentication":{"token":"OPNC56dMztYtD6BkjgefDkpvxStJNAKLtOIiUULgODzdTqukb66Cunj6PppR","type":"bearer"},"body":{},"created":1585108136216,"description":"Удаление денежной операции. Если пользователь пытается удалить чужую операцию, ошибка 403","headers":[{"description":"","id":"pair_1b7e2f66d7c3451f9026904e9a64269a","name":"Accept","value":"application/json"},{"description":"","id":"pair_d91f75a3934b40f8b97ab2af890aeced","name":"Content-Type","value":"application/json"}],"isPrivate":false,"metaSortKey":-1585109302403,"method":"DELETE","modified":1586278748570,"name":"payment delete","parameters":[],"parentId":"fld_d2fb4e0c2a5d4a069183df086a2ad3cd","settingDisableRenderRequestBody":false,"settingEncodeUrl":true,"settingFollowRedirects":"global","settingRebuildPath":true,"settingSendCookies":true,"settingStoreCookies":true,"url":"http://127.0.0.1:8000/api/payments/payment/4","_type":"request"},{"_id":"req_4c359a3105814e01b7109f0d51aeb15c","authentication":{"token":"OPNC56dMztYtD6BkjgefDkpvxStJNAKLtOIiUULgODzdTqukb66Cunj6PppR","type":"bearer"},"body":{"mimeType":"application/json","text":"{\n \n\t\"date_from\": \"2020-03-28\",\n\t\"date_to\": \"2020-04-07\"\n}"},"created":1584951605997,"description":"Возвращает список со всеми  денежными операциями авторизованного пользователя в пагинации. Отсортированны по дате по убыванию. \n\nПринимает фильтры (каждый из которых не обязателен, но если есть то применится)\n\ndate_from - дата, начиная с которой будут искаться операции (включительно)\n\ndate_to - дата, заканчивая которой будут искаться операции (включительно)\n\ncategories - массив категорий фин. операций","headers":[{"id":"pair_fbebdb0aa4ef4b09b8f2149c51b356d9","name":"Content-Type","value":"application/json"},{"description":"","id":"pair_ee3d27e909c842e8977631115d75ec10","name":"Accept","value":"application/json"}],"isPrivate":false,"metaSortKey":-1585109302390.5,"method":"GET","modified":1586278554415,"name":"payments page 1","parameters":[],"parentId":"fld_d2fb4e0c2a5d4a069183df086a2ad3cd","settingDisableRenderRequestBody":false,"settingEncodeUrl":true,"settingFollowRedirects":"global","settingRebuildPath":true,"settingSendCookies":true,"settingStoreCookies":true,"url":"http://127.0.0.1:8000/api/payments?page=1","_type":"request"},{"_id":"req_1f686cecc69e483eaaaf1acda62923cb","authentication":{"token":"OPNC56dMztYtD6BkjgefDkpvxStJNAKLtOIiUULgODzdTqukb66Cunj6PppR","type":"bearer"},"body":{"mimeType":"application/json","text":""},"created":1584951585541,"description":"Возвращает список всех операций пользователя.\n\nОтсортированны по дате по убыванию.\n\nПринимает фильтры (каждый из которых не обязателен, но если есть то применится)\n\ndate_from - дата, начиная с которой будут искаться операции (включительно) \ndate_to - дата, заканчивая которой будут искаться операции (включительно) \ncategories - категории фин. операций","headers":[{"id":"pair_7805f7849d344cdd8b91e59b36f96680","name":"Content-Type","value":"application/json"},{"description":"","id":"pair_d3bd5992c46840129522e877eaf64090","name":"Accept","value":"application/json"}],"isPrivate":false,"metaSortKey":-1585109302384.25,"method":"GET","modified":1586278568562,"name":"payments","parameters":[],"parentId":"fld_d2fb4e0c2a5d4a069183df086a2ad3cd","settingDisableRenderRequestBody":false,"settingEncodeUrl":true,"settingFollowRedirects":"global","settingRebuildPath":true,"settingSendCookies":true,"settingStoreCookies":true,"url":"http://127.0.0.1:8000/api/payments","_type":"request"},{"_id":"req_3e5dc9acb2204aefa940b45ff4e5ffa6","authentication":{"token":"OPNC56dMztYtD6BkjgefDkpvxStJNAKLtOIiUULgODzdTqukb66Cunj6PppR","type":"bearer"},"body":{"mimeType":"application/json","text":""},"created":1584950574821,"description":"Возвращает список всех категорий денежных операций","headers":[{"id":"pair_b1aa74b7051649e7bc4df188aac8609b","name":"Content-Type","value":"application/json"},{"description":"","id":"pair_11ef0af0dc964ba98f2eb6b3efdfd9d3","name":"Accept","value":"application/json"}],"isPrivate":false,"metaSortKey":-1584950574822,"method":"GET","modified":1586278248836,"name":"categories","parameters":[],"parentId":"fld_bb469644ddff4850b3e5f8c4289882cf","settingDisableRenderRequestBody":false,"settingEncodeUrl":true,"settingFollowRedirects":"global","settingRebuildPath":true,"settingSendCookies":true,"settingStoreCookies":true,"url":"http://127.0.0.1:8000/api/categories/list","_type":"request"},{"_id":"fld_bb469644ddff4850b3e5f8c4289882cf","created":1586273148219,"description":"","environment":{},"environmentPropertyOrder":null,"metaSortKey":-1586237350305,"modified":1586273160718,"name":"Categories","parentId":"wrk_dce7851c651a47cf88cb72f575d8754c","_type":"request_group"},{"_id":"env_bc5f5f5dad3541d09edcdd48bc20ee3566e6ecc1","color":null,"created":1584950550701,"data":{"base":"payments"},"dataPropertyOrder":{"&":["base"]},"isPrivate":false,"metaSortKey":1584950550701,"modified":1585063922519,"name":"Base Environment","parentId":"wrk_dce7851c651a47cf88cb72f575d8754c","_type":"environment"},{"_id":"jar_bc5f5f5dad3541d09edcdd48bc20ee3566e6ecc1","cookies":[],"created":1584950550706,"modified":1584950550706,"name":"Default Jar","parentId":"wrk_dce7851c651a47cf88cb72f575d8754c","_type":"cookie_jar"}]}